Workbook

Sheet Read Me
A1: Company 140 (AHSAN BUSINESS) - naya product list, client PDF "Items Enventory (1).pdf" se.
A3: Kya check karna hai:
A4: 1. Product Name, Department, Sub Department sahi hain?
A5: 2. Unit (Stock/Sale): jis unit me customer ko bechte hain (PCS / Packet / Box / bag). Stock isi unit me rahega.
A6: 3. Units per Carton: 1 Carton ke ANDAR kitne pieces/packets hain (cartons ki ginti nahi). Jaise 1000 = 1 Carton me 1000 PCS.
A7: "Carton Contains" column yahi seedha likhta hai: "1 Carton = 1,000 PCS". Stock entry (Opening / PO / GRN) pe Carton chunein to system khud PCS me badal dega.
A8: 4. Sale Price per Unit: 1 unit ki sale price. Carton Price khud calculate hota hai (formula).
A9: 5. Peeli (yellow) "Check" wali rows: PDF me shak tha - inhe zaroor dekhein.
A11: Blue text = edit kar sakte hain. Black = formula / system.
A12: Example: "Paper Cup 2.5oz" - Unit PCS, 1 Carton = 2,000 PCS, Sale Price 2.50 per PCS -> Carton Price 5,000.
A14: Naam me "&", "/", "," nahi hain (product form inhe allow nahi karta) - jaise "Hot and Cold", "Without Cut".
A15: Purane 292 products deactivate honge (delete nahi), naye codes 2001 se shuru.

Sheet Products
A1: Item Code | B1: Department | C1: Sub Department | D1: Product Name | E1: Unit (Stock/Sale) | F1: Packing UOM | G1: Units per Carton | H1: Sale Price per Unit (Rs) | I1: Carton Price (Rs) | J1: Cost Price per Unit (Rs) | K1: Carton Contains | L1: Note / Check
A2: 2001 | B2: LP Series | C2: LP Series | D2: LP 1 | E2: Packet | H2: 2080 | I2: =IF(G2="","",G2*H2) | J2: 0 | K2: =IF(G2="","",IF(F2="","","1 "&F2&" = "&TEXT(G2,"#,##0")&" "&E2)) | L2: PDF: Packet Amount, carton qty nahi di
A3: 2002 | B3: LP Series | C3: LP Series | D3: LP 26 | E3: Packet | H3: 1630 | I3: =IF(G3="","",G3*H3) | J3: 0 | K3: =IF(G3="","",IF(F3="","","1 "&F3&" = "&TEXT(G3,"#,##0")&" "&E3)) | L3: PDF: Packet Amount, carton qty nahi di
A4: 2003 | B4: LP Series | C4: LP Series | D4: LP 8 | E4: Packet | H4: 2430 | I4: =IF(G4="","",G4*H4) | J4: 0 | K4: =IF(G4="","",IF(F4="","","1 "&F4&" = "&TEXT(G4,"#,##0")&" "&E4)) | L4: PDF: Packet Amount, carton qty nahi di
A5: 2004 | B5: LP Series | C5: LP Series | D5: LP 9 | E5: Packet | H5: 1150 | I5: =IF(G5="","",G5*H5) | J5: 0 | K5: =IF(G5="","",IF(F5="","","1 "&F5&" = "&TEXT(G5,"#,##0")&" "&E5)) | L5: PDF: Packet Amount, carton qty nahi di
A6: 2005 | B6: LP Series | C6: LP Series | D6: LP 11 | E6: Packet | H6: 925 | I6: =IF(G6="","",G6*H6) | J6: 0 | K6: =IF(G6="","",IF(F6="","","1 "&F6&" = "&TEXT(G6,"#,##0")&" "&E6)) | L6: PDF: Packet Amount, carton qty nahi di
A7: 2006 | B7: LP Series | C7: LP Series | D7: LP 11 Cut | E7: Packet | H7: 925 | I7: =IF(G7="","",G7*H7) | J7: 0 | K7: =IF(G7="","",IF(F7="","","1 "&F7&" = "&TEXT(G7,"#,##0")&" "&E7)) | L7: PDF: Packet Amount, carton qty nahi di
A8: 2007 | B8: LP Series | C8: LP Series | D8: LP 14 | E8: Packet | H8: 850 | I8: =IF(G8="","",G8*H8) | J8: 0 | K8: =IF(G8="","",IF(F8="","","1 "&F8&" = "&TEXT(G8,"#,##0")&" "&E8)) | L8: PDF: Packet Amount, carton qty nahi di
A9: 2008 | B9: LP Series | C9: LP Series | D9: LP 14 Cut | E9: Packet | H9: 850 | I9: =IF(G9="","",G9*H9) | J9: 0 | K9: =IF(G9="","",IF(F9="","","1 "&F9&" = "&TEXT(G9,"#,##0")&" "&E9)) | L9: PDF: Packet Amount, carton qty nahi di
A10: 2009 | B10: LP Series | C10: LP Series | D10: LP 15 | E10: Packet | H10: 1220 | I10: =IF(G10="","",G10*H10) | J10: 0 | K10: =IF(G10="","",IF(F10="","","1 "&F10&" = "&TEXT(G10,"#,##0")&" "&E10)) | L10: PDF: Packet Amount, carton qty nahi di
A11: 2010 | B11: LP Series | C11: LP Series | D11: LP 19 | E11: Packet | H11: 1030 | I11: =IF(G11="","",G11*H11) | J11: 0 | K11: =IF(G11="","",IF(F11="","","1 "&F11&" = "&TEXT(G11,"#,##0")&" "&E11)) | L11: PDF: Packet Amount, carton qty nahi di
A12: 2011 | B12: LP Series | C12: LP Series | D12: LP 24 | E12: Packet | H12: 1230 | I12: =IF(G12="","",G12*H12) | J12: 0 | K12: =IF(G12="","",IF(F12="","","1 "&F12&" = "&TEXT(G12,"#,##0")&" "&E12)) | L12: PDF: Packet Amount, carton qty nahi di
A13: 2012 | B13: LP Series | C13: LP Series | D13: LP 38 | E13: Packet | H13: 450 | I13: =IF(G13="","",G13*H13) | J13: 0 | K13: =IF(G13="","",IF(F13="","","1 "&F13&" = "&TEXT(G13,"#,##0")&" "&E13)) | L13: PDF: Packet Amount, carton qty nahi di
A14: 2013 | B14: Thermopile Cups | C14: Thermopile Cups | D14: Thermopile Cup Mega Pack | E14: PCS | F14: Carton | G14: 1000 | H14: 4 | I14: =IF(G14="","",G14*H14) | J14: 0 | K14: =IF(G14="","",IF(F14="","","1 "&F14&" = "&TEXT(G14,"#,##0")&" "&E14))
A15: 2014 | B15: Thermopile Cups | C15: Thermopile Cups | D15: Thermopile Cup Sky | E15: PCS | F15: Carton | G15: 1000 | H15: 4 | I15: =IF(G15="","",G15*H15) | J15: 0 | K15: =IF(G15="","",IF(F15="","","1 "&F15&" = "&TEXT(G15,"#,##0")&" "&E15))
A16: 2015 | B16: Thermopile Cups | C16: Thermopile Cups | D16: Thermopile Cup Hot and Cold | E16: PCS | F16: Carton | G16: 1000 | H16: 4 | I16: =IF(G16="","",G16*H16) | J16: 0 | K16: =IF(G16="","",IF(F16="","","1 "&F16&" = "&TEXT(G16,"#,##0")&" "&E16))
A17: 2016 | B17: Paper Cups | C17: Paper Cups | D17: Paper Cup 2.5oz | E17: PCS | F17: Carton | G17: 2000 | H17: 2.5 | I17: =IF(G17="","",G17*H17) | J17: 0 | K17: =IF(G17="","",IF(F17="","","1 "&F17&" = "&TEXT(G17,"#,##0")&" "&E17))
A18: 2017 | B18: Paper Cups | C18: Paper Cups | D18: Paper Cup Imported 4oz | E18: PCS | F18: Carton | G18: 2000 | H18: 2 | I18: =IF(G18="","",G18*H18) | J18: 0 | K18: =IF(G18="","",IF(F18="","","1 "&F18&" = "&TEXT(G18,"#,##0")&" "&E18))
A19: 2018 | B19: Paper Cups | C19: Paper Cups | D19: Paper Cup Local Pearl Pack 7oz | E19: PCS | F19: Carton | G19: 2000 | H19: 2.5 | I19: =IF(G19="","",G19*H19) | J19: 0 | K19: =IF(G19="","",IF(F19="","","1 "&F19&" = "&TEXT(G19,"#,##0")&" "&E19))
A20: 2019 | B20: Paper Cups | C20: Paper Cups | D20: Paper Cup Local Vork 7oz | E20: PCS | F20: Carton | G20: 2000 | H20: 2.5 | I20: =IF(G20="","",G20*H20) | J20: 0 | K20: =IF(G20="","",IF(F20="","","1 "&F20&" = "&TEXT(G20,"#,##0")&" "&E20))
A21: 2020 | B21: Paper Cups | C21: Paper Cups | D21: Paper Cup Local Vork 5oz | E21: PCS | F21: Carton | G21: 2000 | H21: 2.3 | I21: =IF(G21="","",G21*H21) | J21: 0 | K21: =IF(G21="","",IF(F21="","","1 "&F21&" = "&TEXT(G21,"#,##0")&" "&E21))
A22: 2021 | B22: Paper Cups | C22: Paper Cups | D22: Paper Cup Local Pearl Pack 5oz | E22: PCS | F22: Carton | G22: 2000 | H22: 2.3 | I22: =IF(G22="","",G22*H22) | J22: 0 | K22: =IF(G22="","",IF(F22="","","1 "&F22&" = "&TEXT(G22,"#,##0")&" "&E22))
A23: 2022 | B23: Paper Cups | C23: Paper Cups | D23: Paper Cup Local EZY 5oz | E23: PCS | F23: Carton | G23: 2000 | H23: 2.3 | I23: =IF(G23="","",G23*H23) | J23: 0 | K23: =IF(G23="","",IF(F23="","","1 "&F23&" = "&TEXT(G23,"#,##0")&" "&E23))
A24: 2023 | B24: Paper Cups | C24: Paper Cups | D24: Paper Cup Imported 5oz | E24: PCS | F24: Carton | G24: 2000 | H24: 2.3 | I24: =IF(G24="","",G24*H24) | J24: 0 | K24: =IF(G24="","",IF(F24="","","1 "&F24&" = "&TEXT(G24,"#,##0")&" "&E24))
A25: 2024 | B25: Paper Cups | C25: Paper Cups | D25: Handle Paper Cup Imported 7oz | E25: PCS | F25: Carton | G25: 2000 | H25: 3.5 | I25: =IF(G25="","",G25*H25) | J25: 0 | K25: =IF(G25="","",IF(F25="","","1 "&F25&" = "&TEXT(G25,"#,##0")&" "&E25))
... A50: 2049 | B50: Plastic Cups | C50: 200ml Bowl | D50: World Pack 200ml | E50: PCS | F50: Carton | G50: 2000 | H50: 3 | I50: =IF(G50="","",G50*H50) | J50: 0 | K50: =IF(G50="","",IF(F50="","","1 "&F50&" = "&TEXT(G50,"#,##0")&" "&E50))
A51: 2050 | B51: Plastic Cups | C51: 200ml Bowl | D51: Milky Lid Without Cut 200ml | E51: PCS | F51: Carton | G51: 2000 | H51: 1.5 | I51: =IF(G51="","",G51*H51) | J51: 0 | K51: =IF(G51="","",IF(F51="","","1 "&F51&" = "&TEXT(G51,"#,##0")&" "&E51)) | L51: PDF: "W/O cut"
A52: 2051 | B52: Plastic Cups | C52: 150ml Bowl | D52: 150ml KR | E52: PCS | F52: Carton | G52: 1000 | H52: 7.5 | I52: =IF(G52="","",G52*H52) | J52: 0 | K52: =IF(G52="","",IF(F52="","","1 "&F52&" = "&TEXT(G52,"#,##0")&" "&E52))
A53: 2052 | B53: Plastic Cups | C53: 150ml Bowl | D53: 150ml KR Lid | E53: PCS | F53: Carton | G53: 1000 | H53: 3 | I53: =IF(G53="","",G53*H53) | J53: 0 | K53: =IF(G53="","",IF(F53="","","1 "&F53&" = "&TEXT(G53,"#,##0")&" "&E53))
A54: 2053 | B54: Plastic Cups | C54: 150ml Bowl | D54: 150ml World Pack | E54: PCS | F54: Carton | G54: 1000 | H54: 7.5 | I54: =IF(G54="","",G54*H54) | J54: 0 | K54: =IF(G54="","",IF(F54="","","1 "&F54&" = "&TEXT(G54,"#,##0")&" "&E54))
A55: 2054 | B55: Plastic Cups | C55: 150ml Bowl | D55: 150ml World Pack Lid | E55: PCS | F55: Carton | G55: 1000 | H55: 3 | I55: =IF(G55="","",G55*H55) | J55: 0 | K55: =IF(G55="","",IF(F55="","","1 "&F55&" = "&TEXT(G55,"#,##0")&" "&E55))
A56: 2055 | B56: Dip Sauce | C56: KR | D56: 1.5oz KR Cristal | E56: PCS | F56: Carton | G56: 4000 | H56: 2 | I56: =IF(G56="","",G56*H56) | J56: 0 | K56: =IF(G56="","",IF(F56="","","1 "&F56&" = "&TEXT(G56,"#,##0")&" "&E56))
A57: 2056 | B57: Dip Sauce | C57: KR | D57: 1.5oz KR Black | E57: PCS | F57: Carton | G57: 4000 | H57: 2 | I57: =IF(G57="","",G57*H57) | J57: 0 | K57: =IF(G57="","",IF(F57="","","1 "&F57&" = "&TEXT(G57,"#,##0")&" "&E57))
A58: 2057 | B58: Dip Sauce | C58: KR | D58: 02oz KR Cristal | E58: PCS | F58: Carton | G58: 4000 | H58: 3 | I58: =IF(G58="","",G58*H58) | J58: 0 | K58: =IF(G58="","",IF(F58="","","1 "&F58&" = "&TEXT(G58,"#,##0")&" "&E58))
A59: 2058 | B59: Dip Sauce | C59: KR | D59: 02oz KR Black | E59: PCS | F59: Carton | G59: 4000 | H59: 3 | I59: =IF(G59="","",G59*H59) | J59: 0 | K59: =IF(G59="","",IF(F59="","","1 "&F59&" = "&TEXT(G59,"#,##0")&" "&E59))
A60: 2059 | B60: Dip Sauce | C60: KR | D60: 1.5oz KR Lid | E60: PCS | F60: Carton | G60: 4000 | H60: 1 | I60: =IF(G60="","",G60*H60) | J60: 0 | K60: =IF(G60="","",IF(F60="","","1 "&F60&" = "&TEXT(G60,"#,##0")&" "&E60)) | L60: PDF: "1.5 0z Lid"
A61: 2060 | B61: Dip Sauce | C61: KR | D61: 1.5oz World Pack | E61: PCS | F61: Carton | G61: 4000 | H61: 2.3 | I61: =IF(G61="","",G61*H61) | J61: 0 | K61: =IF(G61="","",IF(F61="","","1 "&F61&" = "&TEXT(G61,"#,##0")&" "&E61))
A62: 2061 | B62: Dip Sauce | C62: KR | D62: 1.5oz World Pack Lid | E62: PCS | F62: Carton | G62: 4000 | H62: 1 | I62: =IF(G62="","",G62*H62) | J62: 0 | K62: =IF(G62="","",IF(F62="","","1 "&F62&" = "&TEXT(G62,"#,##0")&" "&E62))
A63: 2062 | B63: Dip Sauce | C63: 01oz Attach | D63: 01oz Huzaifa Sauce Cup | E63: PCS | F63: Carton | G63: 3000 | H63: 2.3 | I63: =IF(G63="","",G63*H63) | J63: 0 | K63: =IF(G63="","",IF(F63="","","1 "&F63&" = "&TEXT(G63,"#,##0")&" "&E63))
A64: 2063 | B64: Dip Sauce | C64: 01oz Attach | D64: 01oz CP Sauce Cup | E64: PCS | F64: Carton | G64: 3000 | H64: 2.3 | I64: =IF(G64="","",G64*H64) | J64: 0 | K64: =IF(G64="","",IF(F64="","","1 "&F64&" = "&TEXT(G64,"#,##0")&" "&E64))
A65: 2064 | B65: Dip Sauce | C65: 01oz Attach | D65: 01oz AP Sauce Cup | E65: PCS | F65: Carton | G65: 3000 | H65: 2.3 | I65: =IF(G65="","",G65*H65) | J65: 0 | K65: =IF(G65="","",IF(F65="","","1 "&F65&" = "&TEXT(G65,"#,##0")&" "&E65))
A66: 2065 | B66: Dip Sauce | C66: 01oz Attach | D66: 01oz AMS Sauce Cup | E66: PCS | F66: Carton | G66: 3000 | H66: 2.3 | I66: =IF(G66="","",G66*H66) | J66: 0 | K66: =IF(G66="","",IF(F66="","","1 "&F66&" = "&TEXT(G66,"#,##0")&" "&E66))
A67: 2066 | B67: Dip Sauce | C67: 01oz Attach | D67: 01oz Ecoplase Sauce Cup | E67: PCS | F67: Carton | G67: 3000 | H67: 2.3 | I67: =IF(G67="","",G67*H67) | J67: 0 | K67: =IF(G67="","",IF(F67="","","1 "&F67&" = "&TEXT(G67,"#,##0")&" "&E67))
A68: 2067 | B68: Dip Sauce | C68: 02oz Attach | D68: 02oz Huzaifa Sauce Cup | E68: PCS | F68: Carton | G68: 1500 | H68: 3.3 | I68: =IF(G68="","",G68*H68) | J68: 0 | K68: =IF(G68="","",IF(F68="","","1 "&F68&" = "&TEXT(G68,"#,##0")&" "&E68))
A69: 2068 | B69: Dip Sauce | C69: 02oz Attach | D69: 02oz CP Sauce Cup | E69: PCS | F69: Carton | G69: 3000 | H69: 3.3 | I69: =IF(G69="","",G69*H69) | J69: 0 | K69: =IF(G69="","",IF(F69="","","1 "&F69&" = "&TEXT(G69,"#,##0")&" "&E69))
A70: 2069 | B70: Dip Sauce | C70: 02oz Attach | D70: 02oz AP Sauce Cup | E70: PCS | F70: Carton | G70: 3000 | H70: 3.3 | I70: =IF(G70="","",G70*H70) | J70: 0 | K70: =IF(G70="","",IF(F70="","","1 "&F70&" = "&TEXT(G70,"#,##0")&" "&E70))
A71: 2070 | B71: Dip Sauce | C71: 02oz Attach | D71: 02oz AMS Sauce Cup | E71: PCS | F71: Carton | G71: 3000 | H71: 3.3 | I71: =IF(G71="","",G71*H71) | J71: 0 | K71: =IF(G71="","",IF(F71="","","1 "&F71&" = "&TEXT(G71,"#,##0")&" "&E71))
A72: 2071 | B72: Dip Sauce | C72: 02oz Attach | D72: 02oz Ecoplase Sauce Cup | E72: PCS | F72: Carton | G72: 2000 | H72: 3.3 | I72: =IF(G72="","",G72*H72) | J72: 0 | K72: =IF(G72="","",IF(F72="","","1 "&F72&" = "&TEXT(G72,"#,##0")&" "&E72))
... A88: 2087 | B88: Dom Glass | C88: Ring Glass | D88: 16oz Spell Ring Glass | E88: PCS | F88: Carton | G88: 2000 | H88: 4.1 | I88: =IF(G88="","",G88*H88) | J88: 0 | K88: =IF(G88="","",IF(F88="","","1 "&F88&" = "&TEXT(G88,"#,##0")&" "&E88))
A89: 2088 | B89: Dom Glass | C89: Ring Glass | D89: Spell Ring Glass Lid | E89: PCS | F89: Carton | G89: 2000 | H89: 1.6 | I89: =IF(G89="","",G89*H89) | J89: 0 | K89: =IF(G89="","",IF(F89="","","1 "&F89&" = "&TEXT(G89,"#,##0")&" "&E89)) | L89: PDF: "Spiel Lid"
A90: 2089 | B90: Dom Glass | C90: KR | D90: 12oz KR Dom Glass | E90: PCS | F90: Carton | G90: 1000 | H90: 10 | I90: =IF(G90="","",G90*H90) | J90: 0 | K90: =IF(G90="","",IF(F90="","","1 "&F90&" = "&TEXT(G90,"#,##0")&" "&E90))
A91: 2090 | B91: Dom Glass | C91: KR | D91: 16oz KR Dom Glass | E91: PCS | F91: Carton | G91: 1000 | H91: 11 | I91: =IF(G91="","",G91*H91) | J91: 0 | K91: =IF(G91="","",IF(F91="","","1 "&F91&" = "&TEXT(G91,"#,##0")&" "&E91))
A92: 2091 | B92: Dom Glass | C92: KR | D92: 12oz KR Dom Glass Lid | E92: PCS | F92: Carton | G92: 1000 | H92: 3 | I92: =IF(G92="","",G92*H92) | J92: 0 | K92: =IF(G92="","",IF(F92="","","1 "&F92&" = "&TEXT(G92,"#,##0")&" "&E92))
A93: 2092 | B93: Dom Glass | C93: Shalimar | D93: 12oz Shalimar Dom Glass | E93: PCS | F93: Carton | G93: 1000 | H93: 7 | I93: =IF(G93="","",G93*H93) | J93: 0 | K93: =IF(G93="","",IF(F93="","","1 "&F93&" = "&TEXT(G93,"#,##0")&" "&E93))
A94: 2093 | B94: Dom Glass | C94: Shalimar | D94: 16oz Shalimar Dom Glass | E94: PCS | F94: Carton | G94: 1000 | H94: 8 | I94: =IF(G94="","",G94*H94) | J94: 0 | K94: =IF(G94="","",IF(F94="","","1 "&F94&" = "&TEXT(G94,"#,##0")&" "&E94))
A95: 2094 | B95: Dom Glass | C95: Shalimar | D95: 12oz Shalimar Dom Glass Lid | E95: PCS | F95: Carton | G95: 2000 | H95: 2.5 | I95: =IF(G95="","",G95*H95) | J95: 0 | K95: =IF(G95="","",IF(F95="","","1 "&F95&" = "&TEXT(G95,"#,##0")&" "&E95))
A96: 2095 | B96: Dom Glass | C96: AMS | D96: 12oz AMS Dom Glass | E96: PCS | F96: Carton | G96: 1000 | H96: 7 | I96: =IF(G96="","",G96*H96) | J96: 0 | K96: =IF(G96="","",IF(F96="","","1 "&F96&" = "&TEXT(G96,"#,##0")&" "&E96))
A97: 2096 | B97: Dom Glass | C97: AMS | D97: 16oz AMS Dom Glass | E97: PCS | F97: Carton | G97: 1000 | H97: 8 | I97: =IF(G97="","",G97*H97) | J97: 0 | K97: =IF(G97="","",IF(F97="","","1 "&F97&" = "&TEXT(G97,"#,##0")&" "&E97))
A98: 2097 | B98: Dom Glass | C98: AMS | D98: 12oz AMS Dom Glass Lid | E98: PCS | F98: Carton | G98: 2000 | H98: 2.5 | I98: =IF(G98="","",G98*H98) | J98: 0 | K98: =IF(G98="","",IF(F98="","","1 "&F98&" = "&TEXT(G98,"#,##0")&" "&E98))
A99: 2098 | B99: Dom Glass | C99: Kore | D99: 12oz Kore Dom Glass | E99: PCS | F99: Carton | G99: 1000 | H99: 9 | I99: =IF(G99="","",G99*H99) | J99: 0 | K99: =IF(G99="","",IF(F99="","","1 "&F99&" = "&TEXT(G99,"#,##0")&" "&E99))
A100: 2099 | B100: Dom Glass | C100: Kore | D100: 16oz Kore Dom Glass | E100: PCS | F100: Carton | G100: 1000 | H100: 10 | I100: =IF(G100="","",G100*H100) | J100: 0 | K100: =IF(G100="","",IF(F100="","","1 "&F100&" = "&TEXT(G100,"#,##0")&" "&E100))
A101: 2100 | B101: Dom Glass | C101: Kore | D101: 12oz Kore Dom Glass Lid | E101: PCS | F101: Carton | G101: 1000 | H101: 3 | I101: =IF(G101="","",G101*H101) | J101: 0 | K101: =IF(G101="","",IF(F101="","","1 "&F101&" = "&TEXT(G101,"#,##0")&" "&E101))
... A109: 2108 | B109: Dom Glass | C109: Diamond | D109: Diamond Dom Glass Lid | E109: PCS | F109: Carton | G109: 1000 | H109: 2 | I109: =IF(G109="","",G109*H109) | J109: 0 | K109: =IF(G109="","",IF(F109="","","1 "&F109&" = "&TEXT(G109,"#,##0")&" "&E109))
A110: 2109 | B110: Faloda Glass | C110: Faloda Glass | D110: 330ml Ravi Faloda Glass | E110: PCS | F110: Carton | G110: 2000 | H110: 4.5 | I110: =IF(G110="","",G110*H110) | J110: 0 | K110: =IF(G110="","",IF(F110="","","1 "&F110&" = "&TEXT(G110,"#,##0")&" "&E110)) | L110: Check: 330ml ki price 300ml se kam hai
A111: 2110 | B111: Faloda Glass | C111: Faloda Glass | D111: 330ml Spell Faloda Glass | E111: PCS | F111: Carton | G111: 2000 | H111: 6 | I111: =IF(G111="","",G111*H111) | J111: 0 | K111: =IF(G111="","",IF(F111="","","1 "&F111&" = "&TEXT(G111,"#,##0")&" "&E111)) | L111: Check: 330ml ki price 300ml se kam hai
A112: 2111 | B112: Faloda Glass | C112: Faloda Glass | D112: 300ml Ravi Faloda Glass | E112: PCS | F112: Carton | G112: 2000 | H112: 9 | I112: =IF(G112="","",G112*H112) | J112: 0 | K112: =IF(G112="","",IF(F112="","","1 "&F112&" = "&TEXT(G112,"#,##0")&" "&E112))
A113: 2112 | B113: Faloda Glass | C113: Faloda Glass | D113: 300ml Spell Faloda Glass | E113: PCS | F113: Carton | G113: 1000 | H113: 9 | I113: =IF(G113="","",G113*H113) | J113: 0 | K113: =IF(G113="","",IF(F113="","","1 "&F113&" = "&TEXT(G113,"#,##0")&" "&E113))
A114: 2113 | B114: Faloda Glass | C114: Faloda Glass | D114: 300ml Ravi Faloda Glass Lid | E114: PCS | F114: Carton | G114: 2000 | H114: 3 | I114: =IF(G114="","",G114*H114) | J114: 0 | K114: =IF(G114="","",IF(F114="","","1 "&F114&" = "&TEXT(G114,"#,##0")&" "&E114))
A115: 2114 | B115: Plastic Glass | C115: 04oz Glass | D115: 04oz CP Glass | E115: PCS | F115: Carton | G115: 5000 | H115: 1.2 | I115: =IF(G115="","",G115*H115) | J115: 0 | K115: =IF(G115="","",IF(F115="","","1 "&F115&" = "&TEXT(G115,"#,##0")&" "&E115))
A116: 2115 | B116: Plastic Glass | C116: 04oz Glass | D116: 04oz Sarina Glass | E116: PCS | F116: Carton | G116: 5000 | H116: 1.2 | I116: =IF(G116="","",G116*H116) | J116: 0 | K116: =IF(G116="","",IF(F116="","","1 "&F116&" = "&TEXT(G116,"#,##0")&" "&E116))
A117: 2116 | B117: Plastic Glass | C117: 04oz Glass | D117: 04oz Sarina M Glass | E117: PCS | F117: Carton | G117: 5000 | H117: 1.2 | I117: =IF(G117="","",G117*H117) | J117: 0 | K117: =IF(G117="","",IF(F117="","","1 "&F117&" = "&TEXT(G117,"#,##0")&" "&E117))
A118: 2117 | B118: Plastic Glass | C118: 04oz Glass | D118: 04oz Easy Cary Glass | E118: PCS | F118: Carton | G118: 4000 | H118: 1.2 | I118: =IF(G118="","",G118*H118) | J118: 0 | K118: =IF(G118="","",IF(F118="","","1 "&F118&" = "&TEXT(G118,"#,##0")&" "&E118))
A119: 2118 | B119: Plastic Glass | C119: 04oz Glass | D119: 04oz Easy Cary M Glass | E119: PCS | F119: Carton | G119: 4000 | H119: 1.2 | I119: =IF(G119="","",G119*H119) | J119: 0 | K119: =IF(G119="","",IF(F119="","","1 "&F119&" = "&TEXT(G119,"#,##0")&" "&E119))
A120: 2119 | B120: Plastic Glass | C120: 04oz Glass | D120: 04oz Shalimar Glass | E120: PCS | F120: Carton | G120: 4000 | H120: 1.2 | I120: =IF(G120="","",G120*H120) | J120: 0 | K120: =IF(G120="","",IF(F120="","","1 "&F120&" = "&TEXT(G120,"#,##0")&" "&E120))
A121: 2120 | B121: Plastic Glass | C121: 04oz Glass | D121: 04oz Ecopack Glass | E121: PCS | F121: Carton | G121: 5000 | H121: 1.2 | I121: =IF(G121="","",G121*H121) | J121: 0 | K121: =IF(G121="","",IF(F121="","","1 "&F121&" = "&TEXT(G121,"#,##0")&" "&E121))
A122: 2121 | B122: Plastic Glass | C122: 04oz Glass | D122: 04oz Ravi Glass | E122: PCS | F122: Carton | G122: 4000 | H122: 1.2 | I122: =IF(G122="","",G122*H122) | J122: 0 | K122: =IF(G122="","",IF(F122="","","1 "&F122&" = "&TEXT(G122,"#,##0")&" "&E122))
A123: 2122 | B123: Plastic Glass | C123: 04oz Glass | D123: 04oz Ravi M Glass | E123: PCS | F123: Carton | G123: 4000 | H123: 1.2 | I123: =IF(G123="","",G123*H123) | J123: 0 | K123: =IF(G123="","",IF(F123="","","1 "&F123&" = "&TEXT(G123,"#,##0")&" "&E123))
... A127: 2126 | B127: Plastic Glass | C127: 04oz Glass | D127: 04oz Club Glass | E127: PCS | F127: Carton | G127: 4000 | H127: 1.2 | I127: =IF(G127="","",G127*H127) | J127: 0 | K127: =IF(G127="","",IF(F127="","","1 "&F127&" = "&TEXT(G127,"#,##0")&" "&E127))
A128: 2127 | B128: Plastic Glass | C128: 05oz Glass | D128: 05oz Ravi Milky Glass | E128: PCS | F128: Carton | G128: 4000 | H128: 1.5 | I128: =IF(G128="","",G128*H128) | J128: 0 | K128: =IF(G128="","",IF(F128="","","1 "&F128&" = "&TEXT(G128,"#,##0")&" "&E128)) | L128: PDF item column me "04 oz" likha hai
A129: 2128 | B129: Plastic Glass | C129: 05oz Glass | D129: 05oz Easy Cary Glass | E129: PCS | F129: Carton | G129: 4000 | H129: 1.5 | I129: =IF(G129="","",G129*H129) | J129: 0 | K129: =IF(G129="","",IF(F129="","","1 "&F129&" = "&TEXT(G129,"#,##0")&" "&E129)) | L129: PDF item column me "04 oz" likha hai
A130: 2129 | B130: Plastic Glass | C130: 05oz Glass | D130: 05oz Club Glass | E130: PCS | F130: Carton | G130: 4000 | H130: 1.5 | I130: =IF(G130="","",G130*H130) | J130: 0 | K130: =IF(G130="","",IF(F130="","","1 "&F130&" = "&TEXT(G130,"#,##0")&" "&E130))
A131: 2130 | B131: Plastic Glass | C131: 06oz Glass | D131: 06oz CP Glass | E131: PCS | F131: Carton | G131: 2000 | H131: 1.5 | I131: =IF(G131="","",G131*H131) | J131: 0 | K131: =IF(G131="","",IF(F131="","","1 "&F131&" = "&TEXT(G131,"#,##0")&" "&E131))
A132: 2131 | B132: Plastic Glass | C132: 06oz Glass | D132: 06oz Sarina Glass | E132: PCS | F132: Carton | G132: 2000 | H132: 1.5 | I132: =IF(G132="","",G132*H132) | J132: 0 | K132: =IF(G132="","",IF(F132="","","1 "&F132&" = "&TEXT(G132,"#,##0")&" "&E132))
A133: 2132 | B133: Plastic Glass | C133: 06oz Glass | D133: 06oz Sarina M Glass | E133: PCS | F133: Carton | G133: 2000 | H133: 1.5 | I133: =IF(G133="","",G133*H133) | J133: 0 | K133: =IF(G133="","",IF(F133="","","1 "&F133&" = "&TEXT(G133,"#,##0")&" "&E133))
A134: 2133 | B134: Plastic Glass | C134: 06oz Glass | D134: 06oz Easy Cary Glass | E134: PCS | F134: Carton | G134: 4000 | H134: 1.5 | I134: =IF(G134="","",G134*H134) | J134: 0 | K134: =IF(G134="","",IF(F134="","","1 "&F134&" = "&TEXT(G134,"#,##0")&" "&E134))
A135: 2134 | B135: Plastic Glass | C135: 06oz Glass | D135: 06oz Easy Cary M Glass | E135: PCS | F135: Carton | G135: 4000 | H135: 1.5 | I135: =IF(G135="","",G135*H135) | J135: 0 | K135: =IF(G135="","",IF(F135="","","1 "&F135&" = "&TEXT(G135,"#,##0")&" "&E135))
A136: 2135 | B136: Plastic Glass | C136: 06oz Glass | D136: 06oz Shalimar Glass | E136: PCS | F136: Carton | G136: 2000 | H136: 1.5 | I136: =IF(G136="","",G136*H136) | J136: 0 | K136: =IF(G136="","",IF(F136="","","1 "&F136&" = "&TEXT(G136,"#,##0")&" "&E136))
A137: 2136 | B137: Plastic Glass | C137: 06oz Glass | D137: 06oz Ravi Glass | E137: PCS | F137: Carton | G137: 4000 | H137: 1.5 | I137: =IF(G137="","",G137*H137) | J137: 0 | K137: =IF(G137="","",IF(F137="","","1 "&F137&" = "&TEXT(G137,"#,##0")&" "&E137))
A138: 2137 | B138: Plastic Glass | C138: 06oz Glass | D138: 06oz Ravi M Glass | E138: PCS | F138: Carton | G138: 4000 | H138: 1.5 | I138: =IF(G138="","",G138*H138) | J138: 0 | K138: =IF(G138="","",IF(F138="","","1 "&F138&" = "&TEXT(G138,"#,##0")&" "&E138))
A139: 2138 | B139: Plastic Glass | C139: 06oz Glass | D139: 06oz M.pack Glass | E139: PCS | F139: Carton | G139: 4000 | H139: 1.5 | I139: =IF(G139="","",G139*H139) | J139: 0 | K139: =IF(G139="","",IF(F139="","","1 "&F139&" = "&TEXT(G139,"#,##0")&" "&E139))
A140: 2139 | B140: Plastic Glass | C140: 06oz Glass | D140: 06oz M.pack M Glass | E140: PCS | F140: Carton | G140: 4000 | H140: 1.5 | I140: =IF(G140="","",G140*H140) | J140: 0 | K140: =IF(G140="","",IF(F140="","","1 "&F140&" = "&TEXT(G140,"#,##0")&" "&E140))
A141: 2140 | B141: Plastic Glass | C141: 210ml Glass | D141: 210ml Crystal EC Glass | E141: PCS | F141: Carton | G141: 2000 | H141: 2 | I141: =IF(G141="","",G141*H141) | J141: 0 | K141: =IF(G141="","",IF(F141="","","1 "&F141&" = "&TEXT(G141,"#,##0")&" "&E141))
... A144: 2143 | B144: Plastic Glass | C144: 210ml Glass | D144: 210ml Pepsi CP Glass | E144: PCS | F144: Carton | G144: 2000 | H144: 2 | I144: =IF(G144="","",G144*H144) | J144: 0 | K144: =IF(G144="","",IF(F144="","","1 "&F144&" = "&TEXT(G144,"#,##0")&" "&E144))
A145: 2144 | B145: Plastic Glass | C145: 210ml Glass | D145: 210ml Pepsi Ravi Glass | E145: PCS | F145: Carton | G145: 2000 | H145: 2 | I145: =IF(G145="","",G145*H145) | J145: 0 | K145: =IF(G145="","",IF(F145="","","1 "&F145&" = "&TEXT(G145,"#,##0")&" "&E145)) | L145: PDF me 2 baar likha tha, ek rakha
A146: 2145 | B146: Plastic Glass | C146: 210ml Glass | D146: 210ml Pepsi Shalimar Glass | E146: PCS | F146: Carton | G146: 2000 | H146: 2 | I146: =IF(G146="","",G146*H146) | J146: 0 | K146: =IF(G146="","",IF(F146="","","1 "&F146&" = "&TEXT(G146,"#,##0")&" "&E146))
A147: 2146 | B147: Plastic Glass | C147: 210ml Glass | D147: 210ml Pepsi Sarina Glass | E147: PCS | F147: Carton | G147: 2000 | H147: 2 | I147: =IF(G147="","",G147*H147) | J147: 0 | K147: =IF(G147="","",IF(F147="","","1 "&F147&" = "&TEXT(G147,"#,##0")&" "&E147))
A148: 2147 | B148: Plastic Glass | C148: 210ml Glass | D148: 210ml Pepsi World Pack Glass | E148: PCS | F148: Carton | G148: 2000 | H148: 2 | I148: =IF(G148="","",G148*H148) | J148: 0 | K148: =IF(G148="","",IF(F148="","","1 "&F148&" = "&TEXT(G148,"#,##0")&" "&E148))
A149: 2148 | B149: Plastic Glass | C149: 210ml Glass | D149: 210ml Pepsi Amafa Glass | E149: PCS | F149: Carton | G149: 2000 | H149: 2 | I149: =IF(G149="","",G149*H149) | J149: 0 | K149: =IF(G149="","",IF(F149="","","1 "&F149&" = "&TEXT(G149,"#,##0")&" "&E149))
A150: 2149 | B150: Plastic Glass | C150: 250ml Glass | D150: 250ml Crystal EC Glass | E150: PCS | F150: Carton | G150: 2000 | H150: 2.5 | I150: =IF(G150="","",G150*H150) | J150: 0 | K150: =IF(G150="","",IF(F150="","","1 "&F150&" = "&TEXT(G150,"#,##0")&" "&E150))
A151: 2150 | B151: Plastic Glass | C151: 250ml Glass | D151: 250ml Pepsi EC Glass | E151: PCS | F151: Carton | G151: 2000 | H151: 2.5 | I151: =IF(G151="","",G151*H151) | J151: 0 | K151: =IF(G151="","",IF(F151="","","1 "&F151&" = "&TEXT(G151,"#,##0")&" "&E151))
...

Sheet Summary
A1: Department | B1: Sub Departments | C1: Products | D1: Items with Check
A2: LP Series | B2: 1 | C2: =COUNTIF(Products!$B$2:$B$349,A2) | D2: =COUNTIFS(Products!$B$2:$B$349,A2,Products!$L$2:$L$349,"*Check*")
A3: Thermopile Cups | B3: 1 | C3: =COUNTIF(Products!$B$2:$B$349,A3) | D3: =COUNTIFS(Products!$B$2:$B$349,A3,Products!$L$2:$L$349,"*Check*")
A4: Paper Cups | B4: 5 | C4: =COUNTIF(Products!$B$2:$B$349,A4) | D4: =COUNTIFS(Products!$B$2:$B$349,A4,Products!$L$2:$L$349,"*Check*")
A5: Plastic Cups | B5: 4 | C5: =COUNTIF(Products!$B$2:$B$349,A5) | D5: =COUNTIFS(Products!$B$2:$B$349,A5,Products!$L$2:$L$349,"*Check*")
A6: Dip Sauce | B6: 4 | C6: =COUNTIF(Products!$B$2:$B$349,A6) | D6: =COUNTIFS(Products!$B$2:$B$349,A6,Products!$L$2:$L$349,"*Check*")
A7: Dom Glass | B7: 7 | C7: =COUNTIF(Products!$B$2:$B$349,A7) | D7: =COUNTIFS(Products!$B$2:$B$349,A7,Products!$L$2:$L$349,"*Check*")
A8: Faloda Glass | B8: 1 | C8: =COUNTIF(Products!$B$2:$B$349,A8) | D8: =COUNTIFS(Products!$B$2:$B$349,A8,Products!$L$2:$L$349,"*Check*")
A9: Plastic Glass | B9: 5 | C9: =COUNTIF(Products!$B$2:$B$349,A9) | D9: =COUNTIFS(Products!$B$2:$B$349,A9,Products!$L$2:$L$349,"*Check*")
A10: Aluminum Foil | B10: 3 | C10: =COUNTIF(Products!$B$2:$B$349,A10) | D10: =COUNTIFS(Products!$B$2:$B$349,A10,Products!$L$2:$L$349,"*Check*")
A11: Plates | B11: 3 | C11: =COUNTIF(Products!$B$2:$B$349,A11) | D11: =COUNTIFS(Products!$B$2:$B$349,A11,Products!$L$2:$L$349,"*Check*")
A12: H Series | B12: 1 | C12: =COUNTIF(Products!$B$2:$B$349,A12) | D12: =COUNTIFS(Products!$B$2:$B$349,A12,Products!$L$2:$L$349,"*Check*")
A13: W Series | B13: 2 | C13: =COUNTIF(Products!$B$2:$B$349,A13) | D13: =COUNTIFS(Products!$B$2:$B$349,A13,Products!$L$2:$L$349,"*Check*")
... A20: Egg Tray | B20: 1 | C20: =COUNTIF(Products!$B$2:$B$349,A20) | D20: =COUNTIFS(Products!$B$2:$B$349,A20,Products!$L$2:$L$349,"*Check*")
A21: Total | B21: =SUM(B2:B20) | C21: =SUM(C2:C20) | D21: =SUM(D2:D20)
